{
    "$schema": "https://schema.management.azure.com/schemas/2019-04-01/deploymentParameters.json#",
    "contentVersion": "1.0.0.0",
    "parameters": {
        "groupLocation": {
            "value": "global"
        },
        "groupName": {
            "value": "SkyResourceGroup"
        },
        "appId": {
            "value": "3ad923a6-b87c-45a6-82dc-69e3d05b0ad6"
        },
        "appSecret": {
            "value": "@_Sunday51#abiodun23"
        },
        "appType": {
            "value": "UserAssignedMSI"
        },
        "botId": {
            "value": "SkyAppService"
        },
        "botSku": {
            "value": "F0"
        },
        "newAppServicePlanName": {
            "value": "ASP-SkyResourceGroup-a5c9"
        },
        "newAppServicePlanSku": {
            "value": {
                "name": "S1",
                "tier": "Standard",
                "size": "S1",
                "family": "S",
                "capacity": 1
            }
        },
        "newAppServicePlanLocation": {
            "value": "eastus"
        },
        "newWebAppName": {
            "value": "SkyAppService"
        },
        "tenantId": {
            "value": "d8a59988-a822-481e-9289-fec881d14394"
        },
        "existingUserAssignedMSIName": {
            "value": "SkyyBot"
        },
        "existingUserAssignedMSIResourceGroupName": {
            "value": "SkyResourceGroup"
        }
    }
}