{
    "$schema": "https://schema.management.azure.com/schemas/2019-04-01/deploymentParameters.json#",
    "contentVersion": "1.0.0.0",
    "parameters": {
        "groupLocation": {
            "value": ""
        },
        "groupName": {
            "value": ""
        },
        "appId": {
            "value": ""
        },
        "appSecret": {
            "value": ""
        },
        "appType": {
            "value": "SingleTenant"
        },
        "botId": {
            "value": ""
        },
        "botSku": {
            "value": ""
        },
        "newAppServicePlanName": {
            "value": ""
        },
        "newAppServicePlanSku": {
            "value": {
                "name": "S1",
                "tier": "Standard",
                "size": "S1",
                "family": "S",
                "capacity": 1
            }
        },
        "newAppServicePlanLocation": {
            "value": ""
        },
        "newWebAppName": {
            "value": ""
        },
        "tenantId": {
            "value": ""
        },
        "existingUserAssignedMSIName": {
            "value": ""
        },
        "existingUserAssignedMSIResourceGroupName": {
            "value": ""
        }
    }
}