{
    "$schema": "https://schema.management.azure.com/schemas/2019-04-01/deploymentParameters.json#",
    "contentVersion": "1.0.0.0",
    "parameters": {
        "appId": {
            "value": "aa7161cd-fa3e-4950-98d0-42bb5b0422b7"
        },
        "appSecret": {
            "value": "@_Sunday50martinsabiodun"
        },
        "appType": {
            "value": "SingleTenant"
        },
        "botId": {
            "value": "lavaaaBot"
        },
        "botSku": {
            "value": "F0"
        },
        "newAppServicePlanName": {
            "value": "lavaBotServicePlan"
        },
        "newAppServicePlanSku": {
            "value": {
                "name": "S1",
                "tier": "Standard",
                "size": "S1",
                "family": "S",
                "capacity": 1
            }
        },
        "appServicePlanLocation": {
            "value": "eastus"
        },
        "existingAppServicePlan": {
            "value": "lavaBotServicePlan"
        },
        "newWebAppName": {
            "value": "lavaBotService"
        },
        "tenantId": {
            "value": "d8a59988-a822-481e-9289-fec881d14394"
        },
        "existingUserAssignedMSIName": {
            "value": "lavaBot"
        },
        "existingUserAssignedMSIResourceGroupName": {
            "value": "LavaResourceGroup"
        }
    }
}
